return_id,order_id,customer_id,return_date,return_reason,return_amount,return_status,refund_method
RET_66507,ORDER_110508,CUST_13476,2024-05-24 12:10:46,Wrong Size,3837.24,Processed,Bank Transfer
RET_67727,ORDER_101521,CUST_10700,2025-07-11 00:10:17,Defective Product,1796.63,Processed,Store Credit
RET_37690,ORDER_118560,CUST_12488,2025-05-20 04:20:07,Defective Product,351.55,Refunded,Bank Transfer
RET_75096,ORDER_110044,CUST_13556,2025-07-01 17:08:52,Delivery Too Late,1693.49,Processed,Bank Transfer
RET_33621,ORDER_115488,CUST_10873,2024-05-07 00:35:08,Wrong Size,3824.63,Processed,Original Card
RET_19913,ORDER_100506,CUST_12309,2024-11-03 15:53:53,Defective Product,1326.38,Processed,Original Card
RET_84546,ORDER_115631,CUST_11202,2025-05-11 02:35:40,Delivery Too Late,4300.73,Processed,Store Credit
RET_51901,ORDER_100439,CUST_10052,2024-09-02 04:38:42,Changed Mind,2372.33,Processed,Original Card
RET_92518,ORDER_112448,CUST_11047,2024-09-29 11:21:13,Defective Product,3574.76,Processed,Original Card
RET_55514,ORDER_119149,CUST_10691,2025-09-01 14:12:17,Changed Mind,2268.1,Processed,Original Card
RET_96928,ORDER_113039,CUST_11489,2025-08-18 01:30:39,Defective Product,1780.04,In Progress,Original Card
RET_25271,ORDER_103289,CUST_13572,2025-08-25 15:10:26,Does Not Match Description,1047.0,Refunded,Original Card
RET_72760,ORDER_104324,CUST_11007,2024-01-06 17:12:11,Does Not Match Description,1180.95,In Progress,Bank Transfer
RET_85690,ORDER_100487,CUST_11558,2024-06-30 15:18:24,Does Not Match Description,923.37,In Progress,Store Credit
RET_81517,ORDER_108891,CUST_11534,2024-09-21 23:37:32,Wrong Size,2310.43,Processed,Bank Transfer
RET_88324,ORDER_104727,CUST_10970,2025-10-17 03:05:29,Wrong Size,831.97,In Progress,Store Credit
RET_91191,ORDER_103120,CUST_10745,2024-11-10 14:55:47,Delivery Too Late,1910.83,In Progress,Store Credit
RET_35599,ORDER_116231,CUST_13221,2025-02-15 20:04:58,Changed Mind,1665.74,Processed,Bank Transfer
RET_87473,ORDER_104105,CUST_11719,2024-01-14 10:11:18,Does Not Match Description,695.87,Processed,Store Credit
RET_98029,ORDER_111680,CUST_13888,2024-05-05 11:53:21,Does Not Match Description,2445.71,Processed,Original Card
RET_21857,ORDER_109372,CUST_14390,2024-08-09 08:22:42,Defective Product,2602.84,In Progress,Original Card
RET_65668,ORDER_110448,CUST_13088,2025-03-08 07:09:36,Changed Mind,1730.68,Processed,Store Credit
RET_34864,ORDER_114680,CUST_12149,2025-02-14 05:45:08,Defective Product,1494.31,Refunded,Store Credit
RET_96258,ORDER_118918,CUST_14275,2024-05-31 23:27:31,Delivery Too Late,534.91,Processed,Store Credit
RET_19576,ORDER_112415,CUST_14858,2024-10-01 23:55:25,Delivery Too Late,618.53,Processed,Store Credit
RET_83980,ORDER_115774,CUST_11968,2025-06-01 00:25:30,Changed Mind,2350.3,Processed,Original Card
RET_46295,ORDER_110237,CUST_12053,2024-05-13 08:10:40,Changed Mind,692.66,In Progress,Original Card
RET_24463,ORDER_103157,CUST_11724,2024-09-20 16:42:58,Defective Product,982.92,Processed,Bank Transfer
RET_88735,ORDER_114314,CUST_10222,2024-02-10 17:44:10,Defective Product,721.85,Refunded,Bank Transfer
RET_60267,ORDER_102491,CUST_12725,2025-04-27 10:47:10,Delivery Too Late,3303.78,Processed,Store Credit
RET_80309,ORDER_118853,CUST_13123,2024-10-27 14:08:19,Delivery Too Late,914.87,Processed,Store Credit
RET_26812,ORDER_102591,CUST_11406,2024-03-29 23:28:01,Wrong Size,875.74,Processed,Original Card
RET_79051,ORDER_108504,CUST_11155,2024-01-05 03:49:48,Does Not Match Description,736.5,Processed,Store Credit
RET_29157,ORDER_102053,CUST_14424,2025-01-01 15:13:01,Defective Product,3090.16,Processed,Original Card
RET_89002,ORDER_112972,CUST_12933,2025-10-30 01:00:27,Defective Product,1895.03,Processed,Store Credit
RET_44293,ORDER_112179,CUST_13956,2024-05-09 20:44:39,Delivery Too Late,2440.9,Processed,Store Credit
RET_92291,ORDER_117392,CUST_12700,2024-12-17 05:47:59,Wrong Size,1483.06,In Progress,Bank Transfer
RET_30220,ORDER_105250,CUST_12187,2024-12-03 15:14:38,Defective Product,864.37,Processed,Bank Transfer
RET_66036,ORDER_119426,CUST_10784,2024-12-17 08:55:15,Does Not Match Description,788.87,In Progress,Bank Transfer
RET_57117,ORDER_118702,CUST_10349,2024-11-25 09:01:55,Changed Mind,2851.81,Processed,Store Credit
RET_33452,ORDER_109025,CUST_11256,2025-07-30 05:46:56,Changed Mind,2882.89,Processed,Original Card
RET_37482,ORDER_102629,CUST_12998,2025-08-11 00:35:32,Delivery Too Late,1518.11,Refunded,Original Card
RET_83936,ORDER_102827,CUST_11494,2024-04-28 03:20:55,Does Not Match Description,2328.7,In Progress,Original Card
RET_43688,ORDER_117614,CUST_13842,2024-02-03 06:39:46,Defective Product,740.89,Processed,Store Credit
RET_49553,ORDER_113409,CUST_14529,2025-07-28 15:06:02,Wrong Size,219.95,In Progress,Original Card
RET_82252,ORDER_107178,CUST_14580,2024-07-28 03:19:05,Changed Mind,1371.2,Refunded,Store Credit
RET_56551,ORDER_116590,CUST_14031,2025-01-01 21:31:51,Does Not Match Description,860.24,In Progress,Store Credit
RET_95205,ORDER_113736,CUST_12224,2025-09-15 18:49:46,Delivery Too Late,821.31,Refunded,Bank Transfer
RET_10893,ORDER_113813,CUST_12550,2025-03-21 11:01:25,Changed Mind,1160.48,In Progress,Store Credit
RET_38588,ORDER_114850,CUST_14230,2024-10-19 23:50:00,Wrong Size,341.27,Processed,Original Card
RET_72278,ORDER_114351,CUST_11508,2025-01-29 18:23:56,Changed Mind,1551.43,Processed,Store Credit
RET_93765,ORDER_104431,CUST_11193,2025-02-09 14:23:16,Wrong Size,4446.46,Processed,Original Card
RET_58908,ORDER_111113,CUST_13681,2025-10-23 20:27:30,Wrong Size,1694.68,Refunded,Original Card
RET_44567,ORDER_106244,CUST_11888,2025-04-22 04:13:09,Does Not Match Description,499.75,Processed,Original Card
RET_16454,ORDER_102950,CUST_10065,2024-06-03 02:00:37,Changed Mind,1200.69,Processed,Bank Transfer
RET_72684,ORDER_104041,CUST_14352,2024-02-05 18:55:11,Does Not Match Description,1336.9,Refunded,Bank Transfer
RET_78161,ORDER_113662,CUST_13694,2025-08-18 18:12:58,Defective Product,387.03,Processed,Bank Transfer
RET_16080,ORDER_119970,CUST_13152,2025-05-31 21:04:01,Delivery Too Late,2016.18,Refunded,Bank Transfer
RET_77740,ORDER_108451,CUST_14459,2025-03-06 21:28:41,Defective Product,1758.86,Processed,Bank Transfer
RET_79026,ORDER_114893,CUST_14330,2025-10-20 12:48:00,Does Not Match Description,2103.74,Processed,Original Card
RET_77698,ORDER_114783,CUST_10534,2025-05-29 17:37:12,Does Not Match Description,811.57,Refunded,Original Card
RET_57177,ORDER_107260,CUST_11645,2024-04-18 02:32:23,Wrong Size,568.57,Processed,Original Card
RET_49950,ORDER_115016,CUST_13107,2025-08-20 16:10:13,Delivery Too Late,163.79,Processed,Store Credit
RET_84046,ORDER_113677,CUST_13885,2025-07-05 22:44:52,Delivery Too Late,3251.63,Processed,Store Credit
RET_83812,ORDER_114121,CUST_11279,2024-10-13 02:18:01,Wrong Size,990.96,Processed,Store Credit
RET_73048,ORDER_104250,CUST_12495,2024-11-02 14:36:41,Defective Product,1913.61,In Progress,Bank Transfer
RET_58099,ORDER_118548,CUST_11793,2025-09-09 06:53:49,Delivery Too Late,2853.94,Processed,Store Credit
RET_61866,ORDER_110939,CUST_14430,2025-04-11 13:39:22,Wrong Size,2100.37,Processed,Original Card
RET_22891,ORDER_115818,CUST_14292,2025-11-05 01:46:05,Defective Product,3030.9,Processed,Bank Transfer
RET_64370,ORDER_101278,CUST_12356,2024-05-15 09:51:51,Changed Mind,1167.27,Processed,Original Card
RET_53676,ORDER_103339,CUST_10479,2024-08-19 12:21:07,Does Not Match Description,1959.73,In Progress,Store Credit
RET_36836,ORDER_117473,CUST_14427,2024-10-14 14:51:03,Defective Product,1348.79,Refunded,Original Card
RET_73168,ORDER_105222,CUST_13037,2025-11-07 09:09:39,Defective Product,799.41,Processed,Bank Transfer
RET_35266,ORDER_100341,CUST_13483,2025-02-02 18:34:51,Defective Product,3034.63,Processed,Original Card
RET_88379,ORDER_110294,CUST_11922,2025-07-24 11:21:30,Defective Product,155.06,Processed,Bank Transfer
RET_45963,ORDER_109935,CUST_12222,2024-11-23 18:39:22,Delivery Too Late,3060.73,In Progress,Original Card
RET_46974,ORDER_114091,CUST_11169,2024-12-07 22:52:42,Delivery Too Late,898.15,Processed,Bank Transfer
RET_27159,ORDER_118053,CUST_14104,2023-11-30 17:51:29,Wrong Size,3625.05,In Progress,Bank Transfer
RET_79957,ORDER_107992,CUST_10228,2024-11-06 17:07:11,Wrong Size,220.54,Processed,Bank Transfer
RET_98932,ORDER_117430,CUST_13783,2024-12-18 12:53:00,Does Not Match Description,1724.8,Refunded,Original Card
RET_58891,ORDER_117559,CUST_12726,2025-10-16 06:17:08,Changed Mind,2168.73,Processed,Original Card
RET_40726,ORDER_113416,CUST_12089,2024-12-20 12:09:18,Does Not Match Description,1510.4,Refunded,Store Credit
RET_91743,ORDER_117730,CUST_10425,2024-09-27 10:50:11,Delivery Too Late,1019.19,Processed,Store Credit
RET_67051,ORDER_114062,CUST_10031,2024-06-06 00:03:55,Defective Product,656.98,Processed,Store Credit
RET_97994,ORDER_114959,CUST_11978,2025-06-13 08:57:32,Does Not Match Description,3118.77,Refunded,Original Card
RET_48852,ORDER_106905,CUST_11573,2025-11-14 20:23:31,Defective Product,1031.67,Processed,Bank Transfer
RET_45680,ORDER_100454,CUST_14037,2025-11-30 02:14:10,Delivery Too Late,2051.81,Refunded,Bank Transfer
RET_44076,ORDER_111492,CUST_14987,2025-04-29 12:38:39,Does Not Match Description,791.57,Processed,Store Credit
RET_57782,ORDER_105934,CUST_10268,2024-01-23 19:27:34,Wrong Size,187.71,Refunded,Bank Transfer
RET_84473,ORDER_118632,CUST_13058,2024-12-26 10:22:44,Changed Mind,2356.3,Refunded,Store Credit
RET_71383,ORDER_114494,CUST_13807,2024-07-09 14:47:39,Does Not Match Description,1836.33,Processed,Store Credit
RET_36606,ORDER_100322,CUST_14702,2025-04-04 15:25:17,Delivery Too Late,3100.13,Processed,Store Credit
RET_94456,ORDER_108173,CUST_14497,2025-10-15 02:52:02,Wrong Size,987.89,Refunded,Bank Transfer
RET_87096,ORDER_117632,CUST_10726,2025-04-14 20:54:04,Does Not Match Description,433.2,Processed,Bank Transfer
RET_86731,ORDER_110922,CUST_11656,2025-10-12 07:58:30,Does Not Match Description,1407.14,Processed,Bank Transfer
RET_53559,ORDER_116251,CUST_13503,2024-10-10 23:27:55,Does Not Match Description,1794.97,In Progress,Original Card
RET_76831,ORDER_114558,CUST_10665,2024-08-16 23:32:55,Defective Product,372.15,Refunded,Store Credit
RET_12882,ORDER_111139,CUST_13148,2025-07-03 05:58:27,Wrong Size,328.29,Processed,Original Card
RET_13195,ORDER_106624,CUST_12560,2025-01-06 08:13:50,Defective Product,1792.87,Processed,Original Card
RET_34673,ORDER_115368,CUST_10975,2024-10-06 11:03:00,Delivery Too Late,1218.79,In Progress,Original Card
RET_59108,ORDER_115108,CUST_10686,2025-05-24 06:13:34,Defective Product,1428.09,Processed,Original Card
RET_84012,ORDER_116235,CUST_13567,2024-01-11 08:59:37,Defective Product,2362.54,Processed,Store Credit
RET_42153,ORDER_116130,CUST_11277,2024-09-27 06:01:54,Changed Mind,1507.95,In Progress,Store Credit
RET_61601,ORDER_119133,CUST_13388,2025-08-18 02:12:58,Changed Mind,1442.14,Processed,Store Credit
RET_42451,ORDER_105056,CUST_11431,2025-05-25 02:01:56,Changed Mind,2240.38,In Progress,Original Card
RET_37837,ORDER_102892,CUST_12264,2025-05-28 08:52:03,Changed Mind,433.21,Processed,Original Card
RET_47152,ORDER_119579,CUST_10152,2025-06-01 07:50:54,Changed Mind,710.34,In Progress,Bank Transfer
RET_78400,ORDER_109777,CUST_14467,2025-02-26 05:35:49,Does Not Match Description,1005.46,Processed,Bank Transfer
RET_29985,ORDER_107332,CUST_10915,2024-04-30 02:41:00,Does Not Match Description,3710.24,Processed,Bank Transfer
RET_58959,ORDER_101056,CUST_13165,2025-09-27 04:22:35,Changed Mind,1917.97,Processed,Store Credit
RET_64576,ORDER_110336,CUST_10695,2025-05-10 15:52:36,Does Not Match Description,622.54,Refunded,Bank Transfer
RET_18839,ORDER_114402,CUST_12338,2025-09-13 08:32:19,Wrong Size,3914.08,Processed,Original Card
RET_79423,ORDER_112287,CUST_11714,2024-03-15 06:56:37,Changed Mind,3575.09,In Progress,Bank Transfer
RET_70598,ORDER_109472,CUST_10826,2024-03-26 21:35:38,Changed Mind,409.0,In Progress,Original Card
RET_63079,ORDER_117588,CUST_14303,2025-04-02 01:08:12,Defective Product,973.82,Refunded,Bank Transfer
RET_74494,ORDER_102872,CUST_14839,2024-05-30 18:52:44,Delivery Too Late,1078.48,Processed,Bank Transfer
RET_14121,ORDER_109579,CUST_14041,2025-02-24 16:35:14,Does Not Match Description,1369.37,In Progress,Bank Transfer
RET_39124,ORDER_103310,CUST_14938,2024-01-24 02:52:34,Defective Product,1442.73,Processed,Store Credit
RET_67279,ORDER_105927,CUST_14563,2025-06-10 17:17:46,Delivery Too Late,1285.36,Processed,Store Credit
RET_60859,ORDER_108630,CUST_14210,2025-09-27 19:15:19,Defective Product,349.8,In Progress,Bank Transfer
RET_59792,ORDER_117882,CUST_10967,2025-11-19 22:51:42,Does Not Match Description,224.76,Processed,Store Credit
RET_82600,ORDER_114336,CUST_12539,2024-04-22 02:33:16,Does Not Match Description,2325.61,Processed,Bank Transfer
RET_47689,ORDER_102018,CUST_13148,2025-07-05 12:07:56,Delivery Too Late,346.24,Processed,Store Credit
RET_45463,ORDER_105491,CUST_12911,2025-05-17 10:15:47,Changed Mind,1811.2,Processed,Bank Transfer
RET_49330,ORDER_102506,CUST_10889,2024-03-22 18:21:31,Defective Product,174.17,Processed,Store Credit
RET_66724,ORDER_119919,CUST_11279,2025-09-11 12:05:51,Changed Mind,1213.87,Processed,Bank Transfer
RET_86875,ORDER_112769,CUST_14741,2025-08-31 00:47:03,Does Not Match Description,1603.72,Processed,Original Card
RET_63274,ORDER_116174,CUST_10310,2023-12-31 21:21:49,Wrong Size,2172.66,Processed,Store Credit
RET_65328,ORDER_106055,CUST_11386,2024-09-30 08:32:26,Defective Product,1289.71,Processed,Store Credit
RET_30754,ORDER_118617,CUST_14966,2025-06-11 06:57:20,Wrong Size,2352.46,Processed,Store Credit
RET_58207,ORDER_117046,CUST_10106,2024-09-17 18:26:33,Changed Mind,2266.65,Processed,Original Card
RET_38813,ORDER_103596,CUST_13665,2025-07-18 10:46:48,Delivery Too Late,2693.94,In Progress,Bank Transfer
RET_23715,ORDER_116657,CUST_11013,2024-12-13 05:18:24,Wrong Size,137.55,In Progress,Original Card
RET_23190,ORDER_104599,CUST_13117,2024-11-19 06:53:40,Wrong Size,798.68,Processed,Original Card
RET_84017,ORDER_113368,CUST_14568,2025-06-30 02:39:09,Defective Product,1130.85,In Progress,Original Card
RET_71217,ORDER_102743,CUST_14506,2024-10-03 02:49:36,Changed Mind,535.88,Processed,Original Card
RET_91432,ORDER_117690,CUST_12457,2025-03-28 03:44:48,Does Not Match Description,2569.32,In Progress,Store Credit
RET_44054,ORDER_106885,CUST_11864,2024-08-22 15:14:47,Wrong Size,1143.37,In Progress,Bank Transfer
RET_62038,ORDER_104314,CUST_14992,2024-07-21 04:30:39,Delivery Too Late,1393.21,Refunded,Original Card
RET_22042,ORDER_106679,CUST_12882,2024-05-03 02:01:44,Changed Mind,1642.05,Processed,Store Credit
RET_53904,ORDER_119670,CUST_13384,2024-10-05 00:12:27,Defective Product,1059.71,Refunded,Original Card
RET_22323,ORDER_105490,CUST_13721,2025-06-16 03:45:11,Does Not Match Description,1276.03,Processed,Bank Transfer
RET_84079,ORDER_117585,CUST_12498,2025-04-29 21:08:17,Does Not Match Description,425.23,Refunded,Original Card
RET_85124,ORDER_101589,CUST_10408,2024-07-11 03:51:48,Delivery Too Late,2534.61,Refunded,Original Card
RET_89589,ORDER_117899,CUST_11923,2025-01-08 00:17:30,Does Not Match Description,1162.08,Processed,Original Card
RET_99739,ORDER_110199,CUST_14773,2025-08-30 16:16:49,Defective Product,1382.19,Refunded,Original Card
RET_92033,ORDER_103283,CUST_11440,2024-04-17 03:56:22,Delivery Too Late,858.33,In Progress,Original Card
RET_39559,ORDER_100385,CUST_13612,2024-10-06 04:27:16,Changed Mind,585.91,Processed,Store Credit
RET_48420,ORDER_106752,CUST_14087,2024-10-09 16:03:14,Delivery Too Late,133.36,Refunded,Bank Transfer
RET_87085,ORDER_103369,CUST_11608,2025-08-13 16:06:26,Changed Mind,1903.96,Processed,Original Card
RET_34598,ORDER_117205,CUST_14990,2023-12-27 18:27:30,Defective Product,1292.54,Processed,Bank Transfer
RET_42570,ORDER_113851,CUST_11198,2024-01-26 19:00:07,Wrong Size,2043.78,Refunded,Store Credit
RET_23592,ORDER_106807,CUST_12646,2024-10-25 14:52:46,Does Not Match Description,593.32,Processed,Bank Transfer
RET_21565,ORDER_106621,CUST_13036,2024-04-08 19:44:09,Defective Product,3419.52,In Progress,Store Credit
RET_39428,ORDER_111532,CUST_12210,2025-04-09 18:22:34,Delivery Too Late,2846.36,Refunded,Store Credit
RET_83565,ORDER_107307,CUST_13215,2024-01-24 23:01:17,Defective Product,3857.36,Processed,Store Credit
RET_52002,ORDER_104457,CUST_14593,2025-01-21 11:44:43,Does Not Match Description,279.84,In Progress,Original Card
RET_14900,ORDER_101988,CUST_13932,2025-03-30 14:23:55,Defective Product,479.53,Processed,Bank Transfer
RET_49984,ORDER_112912,CUST_10431,2024-04-30 21:52:40,Wrong Size,1367.14,Processed,Store Credit
RET_36800,ORDER_115142,CUST_11717,2024-05-19 12:28:33,Delivery Too Late,2768.85,Processed,Original Card
RET_21772,ORDER_101096,CUST_14593,2024-01-15 19:27:49,Does Not Match Description,4731.71,Processed,Original Card
RET_70789,ORDER_109310,CUST_14090,2024-05-17 14:04:03,Does Not Match Description,1925.82,Processed,Original Card
RET_40616,ORDER_108031,CUST_14283,2025-08-30 08:35:34,Changed Mind,1445.08,Refunded,Original Card
RET_50745,ORDER_100807,CUST_14112,2025-03-05 00:39:01,Wrong Size,281.94,Processed,Original Card
RET_74850,ORDER_111907,CUST_11103,2024-10-16 12:17:48,Wrong Size,1966.42,In Progress,Bank Transfer
RET_55241,ORDER_111837,CUST_10625,2025-06-24 05:12:05,Delivery Too Late,2092.27,Processed,Bank Transfer
RET_15879,ORDER_101972,CUST_10569,2024-01-14 03:36:49,Wrong Size,1623.37,Processed,Bank Transfer
RET_43370,ORDER_119914,CUST_11728,2024-03-21 14:02:34,Wrong Size,4772.73,Processed,Original Card
RET_41989,ORDER_106570,CUST_11743,2024-06-03 03:53:20,Defective Product,3719.27,Processed,Original Card
RET_60854,ORDER_103062,CUST_12916,2025-10-10 06:53:39,Defective Product,604.36,Processed,Store Credit
RET_87506,ORDER_107387,CUST_11658,2024-06-19 11:28:56,Delivery Too Late,1657.88,Processed,Original Card
RET_97026,ORDER_117028,CUST_13529,2024-08-21 11:54:07,Defective Product,3373.86,Processed,Store Credit
RET_67202,ORDER_108646,CUST_13839,2025-01-20 16:49:06,Delivery Too Late,83.6,In Progress,Store Credit
RET_91616,ORDER_109716,CUST_11592,2024-09-21 07:48:09,Wrong Size,1462.26,Processed,Store Credit
RET_20165,ORDER_116014,CUST_12062,2024-08-05 16:55:31,Wrong Size,4134.65,Processed,Original Card
RET_32457,ORDER_117301,CUST_10851,2024-10-21 05:32:26,Defective Product,2444.19,In Progress,Bank Transfer
RET_59490,ORDER_102971,CUST_14080,2025-11-03 01:36:23,Defective Product,1869.97,Refunded,Original Card
RET_74763,ORDER_103114,CUST_12200,2025-09-02 14:13:32,Does Not Match Description,1659.18,Processed,Bank Transfer
RET_92036,ORDER_101288,CUST_14420,2024-06-27 14:50:31,Changed Mind,387.14,Processed,Bank Transfer
RET_52171,ORDER_118642,CUST_11289,2024-06-23 03:13:27,Changed Mind,356.62,In Progress,Original Card
RET_49677,ORDER_101519,CUST_11483,2025-10-10 10:57:26,Defective Product,2403.56,Processed,Original Card
RET_56752,ORDER_112214,CUST_13716,2024-06-29 10:49:29,Does Not Match Description,817.53,Processed,Store Credit
RET_69612,ORDER_114168,CUST_13151,2024-12-01 03:14:10,Does Not Match Description,562.55,Processed,Bank Transfer
RET_54048,ORDER_109872,CUST_10142,2025-11-06 10:49:48,Wrong Size,3912.81,Refunded,Store Credit
RET_22189,ORDER_119783,CUST_10864,2025-09-21 00:50:57,Does Not Match Description,2348.72,Processed,Store Credit
RET_42428,ORDER_118749,CUST_12267,2025-04-28 07:28:04,Delivery Too Late,1261.88,Processed,Original Card
RET_23705,ORDER_112319,CUST_13163,2025-01-08 12:21:43,Wrong Size,748.75,Processed,Original Card
RET_94992,ORDER_115969,CUST_10140,2024-01-10 17:23:42,Defective Product,6082.87,In Progress,Bank Transfer
RET_97044,ORDER_106215,CUST_13346,2025-01-18 07:33:36,Delivery Too Late,4014.54,Processed,Store Credit
RET_97111,ORDER_102137,CUST_13068,2025-04-23 20:22:27,Does Not Match Description,534.95,Refunded,Original Card
RET_62810,ORDER_114852,CUST_13811,2023-12-05 04:00:46,Wrong Size,2135.78,Processed,Original Card
RET_74095,ORDER_119104,CUST_11264,2025-11-19 19:06:03,Changed Mind,1503.06,Processed,Bank Transfer
RET_94622,ORDER_112799,CUST_12397,2024-09-12 07:32:34,Defective Product,394.38,In Progress,Original Card
RET_82121,ORDER_119255,CUST_13547,2023-12-25 04:59:44,Wrong Size,198.16,In Progress,Original Card
RET_26975,ORDER_118030,CUST_14961,2024-06-23 15:16:45,Delivery Too Late,92.55,In Progress,Bank Transfer
RET_55422,ORDER_115176,CUST_12584,2024-04-04 05:05:25,Delivery Too Late,1222.79,Processed,Bank Transfer
RET_49492,ORDER_112492,CUST_10416,2024-06-02 21:56:47,Does Not Match Description,2292.55,Refunded,Store Credit
RET_81641,ORDER_116814,CUST_11778,2024-05-25 20:14:36,Does Not Match Description,1222.76,Processed,Bank Transfer
RET_22224,ORDER_108976,CUST_14589,2024-04-20 00:05:00,Defective Product,603.91,In Progress,Store Credit
RET_86458,ORDER_104998,CUST_10530,2025-03-09 12:29:24,Changed Mind,1115.37,Refunded,Original Card
RET_66881,ORDER_116986,CUST_11941,2025-02-06 05:07:26,Wrong Size,1632.35,In Progress,Bank Transfer
RET_45955,ORDER_103492,CUST_13179,2024-04-12 22:03:11,Wrong Size,3152.87,In Progress,Store Credit
RET_43198,ORDER_103005,CUST_11479,2025-05-15 09:14:50,Changed Mind,1744.73,In Progress,Original Card
RET_30980,ORDER_101539,CUST_12423,2024-05-14 22:14:48,Defective Product,302.53,Processed,Store Credit
RET_64850,ORDER_108389,CUST_11122,2024-05-06 18:01:03,Wrong Size,2920.19,Refunded,Store Credit
RET_49566,ORDER_119357,CUST_13409,2024-05-13 20:45:49,Wrong Size,522.6,In Progress,Bank Transfer
RET_65203,ORDER_109984,CUST_10676,2025-06-18 10:15:49,Does Not Match Description,1383.58,Processed,Store Credit
RET_63883,ORDER_115729,CUST_14716,2024-08-04 16:56:31,Delivery Too Late,385.96,Processed,Bank Transfer
RET_47195,ORDER_111912,CUST_13865,2025-05-09 12:03:50,Changed Mind,2832.45,Processed,Store Credit
RET_30580,ORDER_117437,CUST_12439,2024-04-06 15:14:16,Defective Product,749.56,Refunded,Original Card
RET_21946,ORDER_111399,CUST_14209,2025-08-10 07:21:18,Defective Product,2396.54,In Progress,Bank Transfer
RET_56258,ORDER_106281,CUST_13478,2024-08-16 10:38:36,Wrong Size,1711.25,In Progress,Store Credit
RET_55420,ORDER_100832,CUST_11330,2025-04-08 12:10:02,Does Not Match Description,822.47,In Progress,Store Credit
RET_44798,ORDER_111881,CUST_12768,2025-04-12 06:24:30,Delivery Too Late,759.66,Processed,Original Card
RET_41353,ORDER_115058,CUST_13895,2024-07-08 16:24:17,Changed Mind,2436.85,Processed,Store Credit
RET_52602,ORDER_117577,CUST_11448,2024-06-12 15:42:42,Delivery Too Late,2534.26,Processed,Bank Transfer
RET_80325,ORDER_113024,CUST_13032,2025-10-10 19:40:53,Defective Product,1603.57,Processed,Store Credit
RET_12031,ORDER_113467,CUST_11231,2025-06-20 05:16:18,Wrong Size,2708.77,Processed,Store Credit
RET_33871,ORDER_107202,CUST_12343,2024-10-31 11:32:36,Changed Mind,3653.06,Processed,Store Credit
RET_99291,ORDER_108544,CUST_10580,2024-10-08 23:54:19,Does Not Match Description,1079.82,Processed,Bank Transfer
RET_36255,ORDER_105949,CUST_11287,2024-08-19 12:03:23,Delivery Too Late,1229.81,Processed,Original Card
RET_81873,ORDER_110502,CUST_12992,2024-06-02 14:46:33,Does Not Match Description,3262.07,Processed,Store Credit
RET_15304,ORDER_109367,CUST_11890,2024-01-24 07:42:49,Delivery Too Late,1262.26,Processed,Bank Transfer
RET_38183,ORDER_117479,CUST_12433,2025-03-06 04:38:07,Does Not Match Description,2660.72,Refunded,Bank Transfer
RET_14201,ORDER_115174,CUST_10271,2025-04-18 21:56:39,Wrong Size,825.78,Processed,Store Credit
RET_40345,ORDER_116530,CUST_14358,2025-09-17 06:42:10,Delivery Too Late,1718.45,Processed,Bank Transfer
RET_85375,ORDER_108499,CUST_11888,2025-06-14 11:11:14,Changed Mind,1594.62,Processed,Bank Transfer
RET_85552,ORDER_118275,CUST_10329,2025-08-21 11:48:08,Wrong Size,2228.53,In Progress,Original Card
RET_62174,ORDER_110511,CUST_10713,2025-01-04 00:20:04,Does Not Match Description,2400.12,In Progress,Original Card
RET_34003,ORDER_100975,CUST_12504,2024-12-11 08:54:18,Defective Product,930.61,Processed,Original Card
RET_62223,ORDER_101088,CUST_11904,2024-04-26 06:44:32,Wrong Size,144.94,Processed,Bank Transfer
RET_49622,ORDER_113215,CUST_10259,2025-05-01 07:14:09,Wrong Size,2286.6,In Progress,Original Card
RET_47456,ORDER_102972,CUST_12918,2025-10-28 09:53:41,Delivery Too Late,1280.28,Processed,Store Credit
RET_78347,ORDER_101714,CUST_11245,2023-12-17 00:54:46,Delivery Too Late,4698.67,In Progress,Original Card
RET_12505,ORDER_117011,CUST_13736,2025-11-11 15:19:05,Does Not Match Description,1844.88,Processed,Original Card
RET_11886,ORDER_108801,CUST_14887,2024-06-03 05:27:53,Changed Mind,2948.2,Processed,Store Credit
RET_95402,ORDER_117902,CUST_10076,2024-10-27 10:50:28,Delivery Too Late,314.68,In Progress,Store Credit
RET_25397,ORDER_102809,CUST_14419,2025-08-05 11:18:29,Changed Mind,1458.28,Processed,Bank Transfer
RET_25017,ORDER_100940,CUST_10665,2024-07-19 21:42:46,Delivery Too Late,3258.56,Processed,Original Card
RET_29316,ORDER_116008,CUST_11413,2024-01-19 18:53:34,Wrong Size,656.12,In Progress,Store Credit
RET_96093,ORDER_108469,CUST_11626,2024-02-23 22:06:24,Wrong Size,810.86,Refunded,Original Card
RET_49175,ORDER_117380,CUST_11864,2025-03-24 05:37:59,Does Not Match Description,374.81,Processed,Store Credit
RET_49354,ORDER_111619,CUST_12040,2024-07-29 01:45:59,Delivery Too Late,1294.17,Refunded,Store Credit
RET_36462,ORDER_103941,CUST_10768,2023-12-22 19:01:07,Changed Mind,1336.66,Refunded,Original Card
RET_39028,ORDER_113455,CUST_12126,2024-09-12 08:09:30,Does Not Match Description,461.47,Processed,Bank Transfer
RET_74805,ORDER_109493,CUST_11882,2024-05-23 21:43:19,Wrong Size,3867.04,Processed,Bank Transfer
RET_55933,ORDER_115512,CUST_14148,2024-05-03 10:17:21,Wrong Size,1439.96,In Progress,Original Card
RET_77287,ORDER_117224,CUST_11245,2025-02-09 04:17:38,Wrong Size,1486.22,Processed,Original Card
RET_28046,ORDER_108522,CUST_14832,2023-12-08 14:05:36,Does Not Match Description,751.42,Processed,Bank Transfer
RET_51273,ORDER_114352,CUST_14520,2024-09-29 08:29:42,Changed Mind,647.55,Processed,Bank Transfer
RET_99504,ORDER_105030,CUST_11021,2025-08-05 08:39:23,Defective Product,3064.63,Processed,Bank Transfer
RET_67749,ORDER_103951,CUST_12354,2024-09-16 11:51:24,Defective Product,1018.08,Processed,Store Credit
RET_68706,ORDER_107503,CUST_12954,2024-09-18 22:10:13,Delivery Too Late,2783.7,Processed,Store Credit
RET_60302,ORDER_104531,CUST_11076,2024-04-07 08:57:34,Does Not Match Description,3416.13,Processed,Bank Transfer
RET_95873,ORDER_100964,CUST_12931,2025-05-16 07:24:14,Does Not Match Description,789.96,Processed,Original Card
RET_93632,ORDER_106132,CUST_13803,2024-06-30 22:55:40,Delivery Too Late,2781.66,Processed,Bank Transfer
RET_43394,ORDER_102784,CUST_12895,2024-06-23 06:52:49,Changed Mind,1054.73,Processed,Store Credit
RET_67892,ORDER_110985,CUST_11149,2025-08-15 17:14:06,Defective Product,600.3,Processed,Original Card
RET_56330,ORDER_107588,CUST_11766,2024-02-11 21:54:39,Defective Product,1624.39,Processed,Bank Transfer
RET_15071,ORDER_115756,CUST_10998,2025-09-03 00:10:10,Changed Mind,35.14,In Progress,Store Credit
RET_19709,ORDER_102323,CUST_12594,2024-03-15 19:39:47,Wrong Size,255.9,In Progress,Store Credit
RET_57592,ORDER_119830,CUST_10965,2025-08-07 09:24:43,Defective Product,1781.68,In Progress,Bank Transfer
RET_97293,ORDER_116381,CUST_11660,2024-08-11 03:07:23,Wrong Size,2671.1,Refunded,Store Credit
RET_23461,ORDER_114595,CUST_14856,2024-08-25 15:08:10,Defective Product,384.98,In Progress,Store Credit
RET_63884,ORDER_118163,CUST_10613,2025-03-27 07:46:39,Does Not Match Description,259.3,In Progress,Bank Transfer
RET_57640,ORDER_107746,CUST_14049,2025-05-11 23:41:19,Delivery Too Late,225.42,Processed,Bank Transfer
RET_34250,ORDER_113300,CUST_10975,2025-03-05 13:30:11,Wrong Size,1821.01,In Progress,Bank Transfer
RET_61004,ORDER_112343,CUST_14343,2025-05-15 23:02:25,Changed Mind,222.21,In Progress,Bank Transfer
RET_71344,ORDER_113953,CUST_12563,2025-01-26 22:08:49,Delivery Too Late,1214.79,Processed,Original Card
RET_83783,ORDER_101439,CUST_12064,2024-06-09 01:04:01,Wrong Size,4480.21,Processed,Original Card
RET_89325,ORDER_105756,CUST_10949,2024-07-24 04:23:18,Changed Mind,983.53,In Progress,Store Credit
RET_89174,ORDER_101531,CUST_10889,2025-03-05 06:55:43,Changed Mind,101.2,In Progress,Store Credit
RET_75243,ORDER_106788,CUST_13756,2024-04-11 15:08:31,Defective Product,163.02,In Progress,Store Credit
RET_23970,ORDER_117330,CUST_11171,2025-10-28 10:09:01,Defective Product,3342.47,Refunded,Original Card
RET_68483,ORDER_107942,CUST_13581,2025-01-30 07:26:25,Delivery Too Late,751.48,Processed,Original Card
RET_68430,ORDER_114894,CUST_12439,2024-10-09 18:52:16,Delivery Too Late,1135.36,Refunded,Original Card
RET_86293,ORDER_109769,CUST_11759,2025-10-16 22:17:58,Changed Mind,759.47,Processed,Original Card
RET_81707,ORDER_103705,CUST_12888,2024-04-09 05:27:04,Changed Mind,1616.48,Processed,Original Card
RET_71067,ORDER_100742,CUST_13178,2025-06-01 09:50:12,Defective Product,834.55,Refunded,Bank Transfer
RET_76039,ORDER_100351,CUST_12640,2024-10-20 12:47:32,Defective Product,1267.61,Processed,Original Card
RET_87139,ORDER_117376,CUST_12212,2024-05-26 06:48:08,Changed Mind,2223.51,In Progress,Original Card
RET_29574,ORDER_103037,CUST_10162,2024-09-08 08:48:56,Does Not Match Description,816.27,Processed,Bank Transfer
RET_41311,ORDER_109439,CUST_14753,2024-12-18 20:11:39,Changed Mind,569.71,In Progress,Original Card
RET_24397,ORDER_102330,CUST_10874,2024-12-08 15:25:55,Defective Product,230.21,Refunded,Original Card
RET_96877,ORDER_117396,CUST_14758,2024-07-03 21:11:09,Changed Mind,1254.85,In Progress,Bank Transfer
RET_78967,ORDER_115639,CUST_11837,2025-10-06 17:27:30,Delivery Too Late,191.99,In Progress,Bank Transfer
RET_49602,ORDER_108242,CUST_10666,2025-07-20 20:32:44,Delivery Too Late,1809.71,Processed,Original Card
RET_30110,ORDER_103057,CUST_11223,2025-09-29 06:38:27,Does Not Match Description,1651.74,Processed,Store Credit
RET_61202,ORDER_107341,CUST_11176,2023-12-14 15:08:17,Changed Mind,450.66,In Progress,Store Credit
RET_16192,ORDER_103877,CUST_11976,2025-03-09 11:03:18,Delivery Too Late,165.73,Processed,Store Credit
RET_13904,ORDER_104724,CUST_11040,2024-06-08 18:17:25,Changed Mind,3204.18,Processed,Bank Transfer
RET_44720,ORDER_105244,CUST_13223,2024-04-17 03:59:43,Changed Mind,1529.33,Processed,Store Credit
RET_30826,ORDER_101701,CUST_10091,2024-06-03 00:42:09,Delivery Too Late,1518.98,Refunded,Original Card
RET_43484,ORDER_103840,CUST_11576,2024-09-11 23:46:19,Delivery Too Late,2873.14,In Progress,Store Credit
RET_71344,ORDER_110051,CUST_13677,2025-06-04 02:40:22,Does Not Match Description,1387.72,Processed,Bank Transfer
RET_18518,ORDER_114798,CUST_12486,2025-10-17 22:06:11,Delivery Too Late,3613.38,Processed,Store Credit
RET_60200,ORDER_108452,CUST_10549,2024-06-24 00:18:40,Delivery Too Late,2509.82,Processed,Original Card
RET_83641,ORDER_105168,CUST_14676,2024-06-24 07:33:03,Does Not Match Description,1983.27,Refunded,Store Credit
RET_55328,ORDER_115582,CUST_11730,2025-05-29 09:41:27,Changed Mind,704.69,Processed,Store Credit
RET_27063,ORDER_119566,CUST_11956,2025-09-06 16:19:44,Defective Product,73.89,Processed,Store Credit
RET_26987,ORDER_101038,CUST_11564,2024-02-05 20:17:31,Changed Mind,940.6,Processed,Bank Transfer
RET_24703,ORDER_117984,CUST_13390,2025-01-30 04:04:34,Delivery Too Late,2505.56,Refunded,Bank Transfer
RET_32290,ORDER_112270,CUST_11680,2024-10-26 18:02:35,Changed Mind,675.66,Refunded,Original Card
RET_11007,ORDER_104377,CUST_11944,2025-06-01 05:30:02,Delivery Too Late,465.5,Processed,Bank Transfer
RET_43419,ORDER_105060,CUST_12152,2023-12-25 03:23:17,Does Not Match Description,2151.0,Refunded,Original Card
RET_44236,ORDER_111775,CUST_13661,2024-01-31 13:09:25,Does Not Match Description,3886.63,Refunded,Bank Transfer
RET_12972,ORDER_114242,CUST_10998,2025-06-03 05:41:46,Changed Mind,2523.17,Processed,Bank Transfer
RET_38215,ORDER_103589,CUST_10421,2024-09-19 01:26:15,Defective Product,718.21,Processed,Bank Transfer
RET_13107,ORDER_114692,CUST_14504,2025-08-08 21:11:48,Delivery Too Late,4464.07,In Progress,Store Credit
RET_36268,ORDER_112560,CUST_10400,2024-07-09 05:59:21,Does Not Match Description,267.66,Refunded,Original Card
RET_95091,ORDER_109723,CUST_11390,2024-09-22 13:12:16,Changed Mind,506.79,Processed,Store Credit
RET_78954,ORDER_100115,CUST_12022,2024-09-04 18:15:10,Changed Mind,1325.68,Processed,Bank Transfer
RET_41837,ORDER_115474,CUST_14394,2024-03-28 14:40:16,Defective Product,4213.76,Processed,Original Card
RET_85064,ORDER_107849,CUST_10626,2025-07-08 07:47:11,Changed Mind,1564.09,Processed,Bank Transfer
RET_96745,ORDER_117125,CUST_11611,2024-03-26 08:22:13,Changed Mind,1161.46,In Progress,Original Card
RET_73765,ORDER_102796,CUST_13735,2025-03-26 03:43:08,Delivery Too Late,163.35,Processed,Store Credit
RET_63187,ORDER_112629,CUST_10365,2025-09-08 09:46:54,Wrong Size,80.84,Processed,Store Credit
RET_90195,ORDER_104368,CUST_13475,2025-04-15 04:00:50,Wrong Size,636.76,Processed,Bank Transfer
RET_12949,ORDER_116135,CUST_14512,2023-12-24 10:18:34,Delivery Too Late,1847.22,Processed,Original Card
RET_79444,ORDER_102263,CUST_12683,2025-02-27 18:35:16,Delivery Too Late,2367.3,Processed,Bank Transfer
RET_15205,ORDER_106004,CUST_10495,2024-09-22 17:16:42,Wrong Size,1230.29,Processed,Original Card
RET_69997,ORDER_105804,CUST_13436,2025-11-29 19:50:31,Does Not Match Description,2048.13,Refunded,Original Card
RET_63738,ORDER_106953,CUST_12061,2025-11-16 08:53:12,Changed Mind,2520.24,In Progress,Original Card
RET_11344,ORDER_119808,CUST_10367,2025-10-20 11:11:02,Delivery Too Late,1927.95,In Progress,Original Card
RET_24271,ORDER_105607,CUST_13977,2024-03-16 10:53:14,Does Not Match Description,1305.22,Processed,Bank Transfer
RET_33249,ORDER_111981,CUST_12579,2025-11-08 18:13:11,Delivery Too Late,273.24,In Progress,Bank Transfer
RET_48831,ORDER_110530,CUST_12571,2024-01-09 08:22:56,Wrong Size,1905.28,Refunded,Store Credit
RET_26321,ORDER_106548,CUST_13755,2025-11-28 10:47:53,Defective Product,659.82,Processed,Original Card
RET_34844,ORDER_108410,CUST_10710,2025-10-18 06:32:57,Changed Mind,531.59,Processed,Store Credit
RET_43843,ORDER_103125,CUST_12369,2024-05-05 13:27:09,Changed Mind,2730.33,In Progress,Original Card
RET_32336,ORDER_109561,CUST_13612,2023-12-03 23:16:45,Wrong Size,1048.97,Processed,Bank Transfer
RET_44794,ORDER_102336,CUST_12120,2024-10-16 12:50:34,Does Not Match Description,1640.96,In Progress,Store Credit
RET_23056,ORDER_112285,CUST_11314,2024-04-24 09:23:48,Defective Product,1621.31,Processed,Original Card
RET_83209,ORDER_105921,CUST_14233,2024-07-25 15:24:08,Wrong Size,1532.99,Refunded,Store Credit
RET_96141,ORDER_111646,CUST_14362,2024-09-28 08:05:50,Delivery Too Late,1359.6,Processed,Bank Transfer
RET_91798,ORDER_113153,CUST_11664,2025-01-25 21:21:50,Wrong Size,173.27,Processed,Bank Transfer
RET_92192,ORDER_113718,CUST_11996,2025-07-29 05:59:57,Does Not Match Description,6178.01,Processed,Original Card
RET_95827,ORDER_116118,CUST_10365,2024-09-24 14:05:28,Wrong Size,2266.21,Processed,Store Credit
RET_55722,ORDER_113625,CUST_10510,2025-05-04 21:57:18,Does Not Match Description,1469.2,In Progress,Bank Transfer
RET_32686,ORDER_100984,CUST_11118,2024-11-12 17:20:49,Changed Mind,347.2,Processed,Bank Transfer
RET_56446,ORDER_111117,CUST_13511,2025-04-10 13:22:31,Changed Mind,623.08,Refunded,Original Card
RET_47482,ORDER_116923,CUST_11556,2024-04-03 07:56:40,Does Not Match Description,802.13,Processed,Original Card
RET_68057,ORDER_110000,CUST_12170,2025-02-16 22:52:28,Wrong Size,2513.1,Refunded,Bank Transfer
RET_22282,ORDER_106376,CUST_14231,2024-03-04 10:54:45,Delivery Too Late,955.42,Processed,Original Card
RET_82959,ORDER_114007,CUST_10637,2025-09-19 17:43:13,Wrong Size,1753.33,Processed,Bank Transfer
RET_92729,ORDER_119559,CUST_11059,2024-12-15 09:20:36,Wrong Size,2375.81,Processed,Store Credit
RET_46897,ORDER_111666,CUST_13534,2025-05-31 17:34:01,Changed Mind,558.42,In Progress,Store Credit
RET_31396,ORDER_111330,CUST_11256,2025-10-09 03:11:02,Defective Product,1078.45,Processed,Store Credit
RET_14683,ORDER_115718,CUST_13401,2025-08-19 19:37:05,Wrong Size,1090.96,Processed,Store Credit
RET_31235,ORDER_119860,CUST_12782,2025-03-06 11:54:25,Wrong Size,592.29,Processed,Store Credit
RET_44032,ORDER_118408,CUST_12416,2025-02-24 13:50:50,Does Not Match Description,1469.17,Refunded,Bank Transfer
RET_34184,ORDER_104872,CUST_11588,2024-08-22 18:31:19,Wrong Size,3139.73,Refunded,Bank Transfer
RET_62531,ORDER_102311,CUST_11620,2025-04-28 10:22:15,Wrong Size,2802.85,Processed,Store Credit
RET_23479,ORDER_102094,CUST_14280,2024-06-24 20:27:20,Wrong Size,126.34,Processed,Bank Transfer
RET_44192,ORDER_110826,CUST_10847,2025-01-14 06:44:56,Does Not Match Description,712.75,Processed,Bank Transfer
RET_32103,ORDER_112473,CUST_13626,2024-06-07 14:44:56,Changed Mind,3377.65,Processed,Bank Transfer
RET_10584,ORDER_105281,CUST_13842,2025-08-02 07:40:38,Wrong Size,1444.55,Processed,Original Card
RET_78075,ORDER_109010,CUST_11822,2024-10-01 20:18:40,Delivery Too Late,1487.77,Processed,Original Card
RET_46606,ORDER_104140,CUST_13783,2024-10-03 06:30:54,Wrong Size,364.89,Refunded,Store Credit
RET_90267,ORDER_117884,CUST_11797,2024-09-08 23:48:09,Changed Mind,923.98,Processed,Original Card
RET_55194,ORDER_105408,CUST_12852,2025-08-04 08:23:10,Changed Mind,251.36,Refunded,Bank Transfer
RET_33868,ORDER_111884,CUST_14841,2024-05-10 17:09:57,Wrong Size,89.08,Processed,Bank Transfer
RET_38856,ORDER_111415,CUST_11679,2024-01-26 17:06:26,Delivery Too Late,1020.67,Processed,Store Credit
RET_31628,ORDER_112444,CUST_14533,2023-12-22 01:10:57,Delivery Too Late,2355.0,Refunded,Bank Transfer
RET_11599,ORDER_119267,CUST_14583,2025-11-26 13:49:20,Changed Mind,4063.56,Processed,Store Credit
RET_59872,ORDER_103603,CUST_11154,2025-02-09 18:58:43,Wrong Size,2001.75,Processed,Bank Transfer
RET_65955,ORDER_116892,CUST_14750,2025-08-09 17:38:20,Does Not Match Description,68.23,In Progress,Store Credit
RET_70913,ORDER_107240,CUST_10489,2025-03-10 19:26:14,Delivery Too Late,1499.79,Processed,Original Card
RET_69419,ORDER_114243,CUST_11937,2024-12-20 01:17:41,Defective Product,1632.38,Processed,Store Credit
RET_58975,ORDER_109657,CUST_11276,2024-01-06 10:22:07,Defective Product,1636.28,Processed,Original Card
RET_15987,ORDER_101722,CUST_10531,2025-09-18 21:35:47,Delivery Too Late,1796.04,In Progress,Bank Transfer
RET_62604,ORDER_118630,CUST_11551,2025-07-05 10:58:43,Wrong Size,177.76,Processed,Original Card
RET_64280,ORDER_119853,CUST_12439,2024-12-13 05:21:33,Defective Product,2876.85,Processed,Original Card
RET_71989,ORDER_104612,CUST_14256,2024-01-15 15:36:13,Does Not Match Description,443.35,In Progress,Store Credit
RET_31736,ORDER_108804,CUST_12467,2025-10-10 04:19:01,Delivery Too Late,3655.62,In Progress,Store Credit
RET_81493,ORDER_109292,CUST_10489,2025-07-31 12:11:32,Wrong Size,1349.0,In Progress,Original Card
RET_65577,ORDER_100218,CUST_13264,2025-10-26 19:44:25,Wrong Size,4047.07,Processed,Store Credit
RET_78407,ORDER_106637,CUST_14467,2024-01-25 04:17:11,Delivery Too Late,1353.74,Processed,Bank Transfer
RET_34411,ORDER_119891,CUST_10801,2024-11-25 08:28:34,Does Not Match Description,2548.3,In Progress,Bank Transfer
RET_59247,ORDER_114362,CUST_14061,2025-02-10 08:17:47,Delivery Too Late,1371.94,Processed,Original Card
RET_11187,ORDER_112620,CUST_10730,2025-04-26 10:38:45,Changed Mind,553.09,Processed,Store Credit
RET_86644,ORDER_103717,CUST_14565,2024-01-27 14:58:30,Wrong Size,1075.87,Processed,Original Card
RET_29361,ORDER_102397,CUST_14282,2025-12-08 07:39:38,Defective Product,3312.85,Processed,Store Credit
RET_43331,ORDER_119262,CUST_12476,2024-10-11 05:18:44,Delivery Too Late,1243.78,In Progress,Store Credit
RET_14376,ORDER_103729,CUST_11121,2024-09-01 09:05:20,Wrong Size,775.38,Processed,Bank Transfer
RET_95440,ORDER_116580,CUST_14848,2024-09-03 05:12:54,Delivery Too Late,362.06,Processed,Original Card
RET_33339,ORDER_112352,CUST_14699,2025-05-15 08:29:35,Does Not Match Description,305.57,Processed,Bank Transfer
RET_79368,ORDER_100410,CUST_10924,2024-02-05 02:45:09,Defective Product,1214.67,Processed,Original Card
RET_83562,ORDER_104905,CUST_12915,2024-10-13 07:16:06,Defective Product,3974.45,Processed,Bank Transfer
RET_60539,ORDER_117707,CUST_11958,2024-07-19 04:03:39,Defective Product,401.91,Refunded,Store Credit
RET_25736,ORDER_105226,CUST_11879,2025-11-16 02:04:18,Does Not Match Description,633.05,Processed,Bank Transfer
RET_56053,ORDER_115938,CUST_10591,2024-09-24 08:36:15,Wrong Size,2728.82,Processed,Original Card
RET_70909,ORDER_103667,CUST_10870,2025-03-01 21:03:53,Changed Mind,782.12,Processed,Bank Transfer
RET_26338,ORDER_112464,CUST_13621,2024-07-17 17:30:44,Delivery Too Late,987.51,Processed,Original Card
RET_85153,ORDER_105085,CUST_10329,2024-11-21 19:54:29,Does Not Match Description,2400.63,Processed,Bank Transfer
RET_10018,ORDER_108702,CUST_12880,2024-12-22 07:23:32,Changed Mind,1206.33,Processed,Store Credit
RET_67648,ORDER_110960,CUST_14056,2025-06-14 14:38:17,Does Not Match Description,907.22,In Progress,Original Card
RET_41735,ORDER_115939,CUST_12749,2024-02-08 10:01:17,Wrong Size,3121.82,In Progress,Bank Transfer
RET_84579,ORDER_114189,CUST_13628,2025-06-20 17:48:45,Wrong Size,2928.59,Processed,Bank Transfer
RET_43423,ORDER_115345,CUST_14680,2025-04-07 06:57:04,Wrong Size,377.09,Refunded,Original Card
RET_96717,ORDER_108744,CUST_12691,2025-09-14 11:49:43,Defective Product,1657.5,Processed,Bank Transfer
RET_37437,ORDER_113360,CUST_12813,2023-12-24 08:38:22,Defective Product,2106.39,In Progress,Bank Transfer
RET_15204,ORDER_109718,CUST_12645,2024-07-27 03:53:41,Changed Mind,5296.73,Processed,Bank Transfer
RET_62873,ORDER_100326,CUST_12502,2025-09-12 08:18:57,Delivery Too Late,198.14,Processed,Bank Transfer
RET_19677,ORDER_115194,CUST_13488,2024-02-16 06:05:50,Defective Product,1581.1,Processed,Bank Transfer
RET_29618,ORDER_112452,CUST_13033,2024-06-25 18:21:37,Wrong Size,1598.68,Processed,Bank Transfer
RET_59082,ORDER_115085,CUST_12401,2025-11-27 23:49:28,Wrong Size,726.55,Refunded,Original Card
RET_76298,ORDER_100313,CUST_11901,2024-07-18 23:08:29,Changed Mind,118.73,Processed,Store Credit
RET_66976,ORDER_109290,CUST_11206,2025-05-30 13:32:14,Changed Mind,1943.87,Refunded,Bank Transfer
RET_24314,ORDER_103868,CUST_14688,2025-09-08 02:30:42,Delivery Too Late,3910.93,Processed,Original Card
RET_76760,ORDER_118857,CUST_10948,2024-08-22 17:43:53,Wrong Size,978.21,Processed,Store Credit
RET_95712,ORDER_112164,CUST_13146,2025-05-11 06:39:23,Changed Mind,758.28,Refunded,Bank Transfer
RET_46806,ORDER_100251,CUST_12588,2025-08-30 16:36:10,Wrong Size,858.57,Processed,Store Credit
RET_47650,ORDER_109860,CUST_14717,2024-10-27 21:01:41,Delivery Too Late,1831.07,Processed,Bank Transfer
RET_14448,ORDER_105394,CUST_10704,2025-02-04 14:06:32,Defective Product,96.44,In Progress,Store Credit
RET_81955,ORDER_109096,CUST_14199,2024-10-28 23:54:39,Delivery Too Late,3393.92,In Progress,Bank Transfer
RET_40368,ORDER_101303,CUST_10232,2024-04-09 16:05:03,Does Not Match Description,936.78,Processed,Original Card
RET_29240,ORDER_113541,CUST_14745,2025-11-25 23:47:10,Defective Product,3484.66,Processed,Store Credit
RET_27273,ORDER_117740,CUST_10419,2025-04-19 18:44:40,Delivery Too Late,1065.22,Processed,Bank Transfer
RET_17708,ORDER_119717,CUST_11751,2025-01-02 13:50:24,Does Not Match Description,1045.6,In Progress,Bank Transfer
RET_80646,ORDER_107191,CUST_12749,2024-08-24 13:50:21,Wrong Size,2061.67,Refunded,Bank Transfer
RET_32678,ORDER_102639,CUST_14957,2024-10-20 02:16:15,Wrong Size,733.07,In Progress,Store Credit
RET_69380,ORDER_105211,CUST_12343,2025-01-10 14:00:40,Wrong Size,2761.11,Refunded,Store Credit
RET_93639,ORDER_101536,CUST_11564,2024-07-11 10:06:45,Wrong Size,654.19,Processed,Bank Transfer
RET_79788,ORDER_117613,CUST_12426,2024-09-14 06:20:23,Wrong Size,984.56,Processed,Original Card
RET_20016,ORDER_118967,CUST_14195,2024-02-12 05:36:23,Delivery Too Late,857.53,Processed,Store Credit
RET_37289,ORDER_116497,CUST_13171,2025-09-30 05:35:35,Wrong Size,3018.78,Processed,Original Card
RET_28669,ORDER_102044,CUST_12971,2024-07-13 19:54:55,Does Not Match Description,275.1,Processed,Store Credit
RET_37234,ORDER_117660,CUST_14409,2025-03-31 00:02:03,Changed Mind,2052.42,Processed,Original Card
RET_58606,ORDER_106109,CUST_11362,2025-07-31 21:26:03,Wrong Size,1825.94,Processed,Bank Transfer
RET_76942,ORDER_111967,CUST_10359,2024-08-31 21:29:54,Changed Mind,1135.35,Processed,Store Credit
RET_19133,ORDER_101091,CUST_14174,2024-02-11 09:30:16,Does Not Match Description,1299.93,In Progress,Bank Transfer
RET_91579,ORDER_112053,CUST_11153,2025-06-20 08:54:07,Does Not Match Description,677.28,Refunded,Store Credit
RET_96266,ORDER_107053,CUST_12351,2024-03-15 08:58:48,Delivery Too Late,2533.04,Processed,Original Card
RET_32343,ORDER_111002,CUST_11674,2024-07-14 18:28:22,Changed Mind,1064.01,In Progress,Bank Transfer
RET_13396,ORDER_117417,CUST_12862,2025-04-27 23:06:41,Delivery Too Late,1838.62,Processed,Store Credit
RET_87012,ORDER_109280,CUST_11150,2024-10-30 06:18:45,Defective Product,2037.84,Processed,Original Card
RET_58769,ORDER_103222,CUST_11759,2024-10-26 07:58:54,Delivery Too Late,1834.91,Processed,Bank Transfer
RET_51492,ORDER_102494,CUST_11316,2025-05-28 02:37:40,Changed Mind,635.73,Refunded,Bank Transfer
RET_56812,ORDER_108142,CUST_14309,2024-11-01 09:22:42,Defective Product,487.06,In Progress,Bank Transfer
RET_72932,ORDER_105145,CUST_12172,2025-06-07 12:58:41,Changed Mind,1826.45,Processed,Original Card
RET_95489,ORDER_110484,CUST_14077,2025-01-27 09:05:14,Does Not Match Description,319.87,Refunded,Bank Transfer
RET_85239,ORDER_115696,CUST_14241,2025-03-24 12:25:52,Wrong Size,1473.51,Processed,Store Credit
RET_58709,ORDER_104240,CUST_12711,2025-05-09 00:15:30,Does Not Match Description,1407.93,Processed,Bank Transfer
RET_98197,ORDER_115932,CUST_12963,2025-02-19 11:22:48,Does Not Match Description,1940.49,Processed,Bank Transfer
RET_76465,ORDER_113033,CUST_10913,2025-10-04 18:24:10,Wrong Size,720.83,In Progress,Original Card
RET_47705,ORDER_113558,CUST_11157,2025-06-26 12:03:49,Changed Mind,1004.05,Processed,Original Card
RET_62228,ORDER_113938,CUST_10571,2025-04-17 02:45:10,Does Not Match Description,1544.13,Refunded,Store Credit
RET_69047,ORDER_119740,CUST_13386,2024-06-07 04:14:19,Defective Product,719.69,Processed,Original Card
RET_12649,ORDER_108643,CUST_12164,2024-02-08 14:00:56,Defective Product,1414.62,Processed,Bank Transfer
RET_93410,ORDER_111970,CUST_10494,2024-12-18 23:25:16,Does Not Match Description,3160.11,In Progress,Store Credit
RET_82726,ORDER_105402,CUST_11285,2024-01-29 02:58:51,Delivery Too Late,1088.86,Processed,Store Credit
RET_10095,ORDER_102761,CUST_14722,2023-12-30 01:02:11,Changed Mind,537.32,Processed,Store Credit
RET_54140,ORDER_102100,CUST_12675,2025-02-25 03:57:06,Delivery Too Late,332.94,Processed,Store Credit
RET_19794,ORDER_104946,CUST_14884,2024-04-12 10:16:51,Wrong Size,1941.32,Processed,Store Credit
RET_93499,ORDER_118841,CUST_13082,2024-11-13 19:04:01,Wrong Size,654.75,Processed,Store Credit
RET_30475,ORDER_115308,CUST_13548,2024-04-21 19:19:19,Does Not Match Description,868.13,Processed,Store Credit
RET_10887,ORDER_119148,CUST_12475,2024-04-25 23:03:07,Wrong Size,423.6,Refunded,Bank Transfer
RET_60588,ORDER_101921,CUST_13261,2024-06-12 23:02:20,Wrong Size,851.81,Processed,Bank Transfer
RET_79207,ORDER_104214,CUST_13707,2025-09-01 11:50:54,Wrong Size,1597.48,Processed,Store Credit
RET_26501,ORDER_108770,CUST_12966,2025-11-10 15:52:03,Changed Mind,130.61,Processed,Bank Transfer
RET_68313,ORDER_115353,CUST_11648,2025-09-29 08:04:18,Does Not Match Description,92.48,Processed,Original Card
RET_65539,ORDER_103752,CUST_12361,2025-11-22 17:54:00,Does Not Match Description,2805.48,Processed,Original Card
RET_12282,ORDER_118044,CUST_14276,2024-05-12 14:58:25,Does Not Match Description,1390.83,Refunded,Bank Transfer
RET_38615,ORDER_101031,CUST_11082,2024-06-08 06:25:30,Does Not Match Description,1626.94,Processed,Bank Transfer
RET_13543,ORDER_102691,CUST_13102,2025-06-01 12:54:41,Does Not Match Description,858.36,In Progress,Store Credit
RET_48051,ORDER_106293,CUST_10344,2025-10-03 18:19:11,Does Not Match Description,1435.36,Processed,Original Card
RET_27280,ORDER_115384,CUST_13474,2025-04-03 20:44:45,Does Not Match Description,912.36,Processed,Bank Transfer
RET_25997,ORDER_107426,CUST_11539,2024-04-19 01:17:36,Changed Mind,164.42,Processed,Original Card
RET_13852,ORDER_110473,CUST_12826,2025-03-03 19:14:26,Changed Mind,973.48,In Progress,Store Credit
RET_80219,ORDER_110884,CUST_10773,2025-09-25 20:42:43,Defective Product,176.91,Refunded,Bank Transfer
RET_44540,ORDER_112127,CUST_12487,2024-10-12 21:46:30,Defective Product,1296.84,Processed,Store Credit
RET_39826,ORDER_105720,CUST_14985,2025-09-24 14:51:26,Delivery Too Late,557.99,Processed,Store Credit
RET_47417,ORDER_114458,CUST_12799,2025-10-17 19:53:38,Delivery Too Late,527.84,Processed,Original Card
RET_55952,ORDER_102399,CUST_11561,2024-07-25 02:13:53,Defective Product,889.67,Processed,Original Card
RET_94523,ORDER_106325,CUST_12779,2025-02-07 11:28:25,Wrong Size,654.77,Processed,Store Credit
RET_57141,ORDER_108774,CUST_12524,2023-12-12 19:31:01,Does Not Match Description,1190.74,Processed,Original Card
RET_60430,ORDER_108585,CUST_12877,2025-11-03 00:14:14,Changed Mind,962.85,In Progress,Bank Transfer
RET_29930,ORDER_115964,CUST_12018,2025-01-29 09:28:52,Does Not Match Description,1596.32,Refunded,Original Card
RET_69053,ORDER_116494,CUST_10542,2025-06-26 15:56:33,Defective Product,1208.8,Processed,Bank Transfer
RET_47624,ORDER_116299,CUST_11233,2025-07-08 11:27:16,Delivery Too Late,3026.77,Processed,Original Card
RET_56209,ORDER_100139,CUST_13757,2024-12-15 02:41:05,Defective Product,1437.44,In Progress,Store Credit
RET_31274,ORDER_114637,CUST_13272,2024-10-14 15:51:20,Wrong Size,1322.21,Processed,Original Card
RET_82546,ORDER_105775,CUST_11988,2024-11-19 03:15:01,Defective Product,535.08,Processed,Original Card
RET_96796,ORDER_106665,CUST_12492,2025-05-10 03:12:06,Wrong Size,1533.7,Refunded,Original Card
RET_88361,ORDER_106458,CUST_10983,2024-03-28 02:50:33,Does Not Match Description,2219.23,Refunded,Original Card
RET_28824,ORDER_103393,CUST_14197,2025-04-21 11:32:41,Does Not Match Description,2550.91,In Progress,Original Card
RET_86199,ORDER_110788,CUST_12957,2023-12-09 07:01:32,Delivery Too Late,1247.73,Processed,Original Card
RET_37253,ORDER_105820,CUST_11189,2024-02-02 05:11:59,Defective Product,1584.32,Processed,Store Credit
RET_80146,ORDER_101543,CUST_10986,2025-07-05 12:39:35,Defective Product,828.7,Processed,Store Credit
RET_17250,ORDER_119522,CUST_14292,2024-07-18 15:00:24,Defective Product,457.37,Refunded,Original Card
RET_20751,ORDER_112150,CUST_12630,2025-11-03 00:43:24,Delivery Too Late,4604.83,In Progress,Original Card
RET_16865,ORDER_109554,CUST_14549,2024-06-30 09:41:27,Wrong Size,507.92,Processed,Bank Transfer
RET_64810,ORDER_102942,CUST_10645,2024-08-11 16:47:53,Delivery Too Late,767.78,Processed,Original Card
RET_10133,ORDER_105059,CUST_12415,2025-05-02 02:47:42,Defective Product,618.6,In Progress,Original Card
RET_96296,ORDER_107895,CUST_12606,2024-11-23 09:23:14,Wrong Size,2613.02,Processed,Original Card
RET_95792,ORDER_106140,CUST_14599,2024-02-01 00:27:34,Defective Product,1980.74,In Progress,Bank Transfer
RET_16501,ORDER_119412,CUST_10054,2024-06-30 15:48:41,Defective Product,1596.06,In Progress,Bank Transfer
RET_73648,ORDER_102127,CUST_11854,2025-03-11 19:01:43,Wrong Size,1238.48,Processed,Bank Transfer
RET_97366,ORDER_103218,CUST_12858,2024-02-01 16:12:43,Delivery Too Late,2969.83,Processed,Store Credit
